Longitude,Latitude,Rxlev,RxQual,HoF,Call_Drops
89.92183,24.25637,-47,0,0,0
89.92183,24.25637,-48,0,0,0
89.92183,24.25637,-51,0,0,0
89.92183,24.25637,-53,0,0,0
89.92183,24.25637,-56,0,0,0
89.92183,24.25637,-58,0,0,0
89.92183,24.25637,-61,3,0,0
89.92183,24.25637,-60,0,0,0
89.92183,24.25637,-59,0,0,0
89.92183,24.25637,-57,0,0,0
89.92183,24.25637,-62,1,0,0
89.92183,24.25637,-62,2,0,0
89.92183,24.25637,-61,1,0,0
89.92183,24.25637,-64,1,0,0
89.92183,24.25637,-63,1,0,0
89.92183,24.25637,-64,0,0,0
89.92183,24.25637,-68,2,0,0
89.92183,24.25637,-66,0,0,0
89.92183,24.25637,-69,3,0,0
89.92183,24.25637,-68,0,0,0
89.92183,24.25637,-65,2,0,0
89.92183,24.25637,-65,0,0,0
89.92183,24.25637,-63,0,0,0
89.92183,24.25637,-67,0,0,0
89.92183,24.25637,-60,2,0,0
89.92183,24.25637,-66,2,0,0
89.92183,24.25637,-67,2,0,0
89.92183,24.25637,-74,0,0,0
89.92183,24.25637,-75,1,0,0
89.92183,24.25637,-66,1,0,0
89.92183,24.25637,-65,4,0,0
89.92183,24.25637,-58,3,0,0
89.92191,24.25803,-60,2,0,0
89.92191,24.25803,-60,1,0,0
89.92191,24.25803,-61,2,0,0
89.92191,24.25803,-60,0,0,0
89.92191,24.25803,-61,0,0,0
89.92191,24.25803,-62,1,0,0
89.92191,24.25803,-64,0,0,0
89.92191,24.25803,-63,3,0,0
89.92191,24.25803,-62,2,0,0
89.92191,24.25803,-64,2,0,0
89.92191,24.25803,-55,0,0,0
89.92191,24.25803,-56,0,0,0
89.92191,24.25803,-62,0,0,0
89.92191,24.25803,-66,0,0,0
89.92191,24.25803,-65,1,0,0
89.92191,24.25803,-67,0,0,0
89.92191,24.25803,-69,0,0,0
89.92191,24.25803,-71,0,0,0
89.92191,24.25803,-70,0,0,0
89.92191,24.25803,-68,0,0,0
89.92191,24.25803,-74,0,0,0
89.92191,24.25803,-73,0,0,0
89.92191,24.25803,-72,0,0,0
89.92191,24.25803,-59,0,0,0
89.92191,24.25803,-58,0,0,0
89.9222,24.26172,-76,0,0,0
89.9222,24.26172,-78,0,0,0
89.9222,24.26172,-80,0,0,0
89.9222,24.26172,-74,0,0,0
89.9222,24.26172,-73,0,0,0
89.92224,24.26178,-74,0,0,0
89.92301,24.26294,-70,0,0,0
89.92301,24.26294,-72,0,0,0
89.92301,24.26294,-74,0,0,0
89.92301,24.26294,-73,0,0,0
89.92301,24.26294,-76,0,0,0
89.92301,24.26294,-68,0,0,0
89.92301,24.26294,-69,0,0,0
89.92301,24.26294,-75,0,0,0
89.92301,24.26294,-79,0,0,0
89.92301,24.26294,-78,0,0,0
89.92401,24.26397,-80,3,0,0
89.92401,24.26397,-77,1,0,0
89.92401,24.26397,-80,0,0,0
89.92401,24.26397,-82,0,0,0
89.92401,24.26397,-76,0,0,0
89.92401,24.26397,-81,0,0,0
89.92401,24.26397,-82,2,0,0
89.92401,24.26397,-84,0,0,0
89.92401,24.26397,-85,3,0,0
89.92401,24.26397,-84,2,0,0
89.92401,24.26397,-82,1,0,0
89.92401,24.26397,-81,1,0,0
89.92401,24.26397,-83,3,0,0
89.92401,24.26397,-83,1,0,0
89.92401,24.26397,-86,1,0,0
89.92401,24.26397,-87,1,0,0
89.92401,24.26397,-90,3,0,0
89.92401,24.26397,-88,3,0,0
89.92401,24.26397,-83,0,0,0
89.92401,24.26397,-87,2,0,0
89.92401,24.26397,-88,2,0,0
89.92401,24.26397,-85,0,0,0
89.92401,24.26397,-86,2,0,0
89.92401,24.26397,-84,1,0,0
89.92401,24.26397,-86,0,0,0
89.92401,24.26397,-88,0,0,0
89.92401,24.26397,-93,4,0,0
89.92401,24.26397,-92,2,0,0
89.92401,24.26397,-70,0,0,0
89.92401,24.26397,-68,0,0,0
89.92401,24.26397,-74,0,0,0
89.92401,24.26397,-75,0,0,0
89.92401,24.26397,-77,0,0,0
89.92401,24.26397,-72,0,0,0
89.92401,24.26397,-78,0,0,0
89.92535,24.26656,-82,0,0,0
89.92535,24.26656,-78,0,0,0
89.92535,24.26656,-84,0,0,0
89.92535,24.26656,-86,0,0,0
89.92535,24.26656,-85,0,0,0
89.92535,24.26656,-89,1,0,0
89.92535,24.26656,-88,0,0,0
89.92535,24.26656,-88,1,0,0
89.92535,24.26656,-87,0,0,0
89.92535,24.26656,-86,1,0,0
89.92535,24.26656,-90,1,0,0
89.92535,24.26656,-91,0,0,0
89.92535,24.26656,-92,2,0,0
89.92535,24.26656,-91,1,0,0
89.92535,24.26656,-79,0,0,0
89.92535,24.26656,-76,0,0,0
89.92535,24.26656,-83,0,0,0
89.92535,24.26656,-88,3,0,0
89.92535,24.26656,-91,5,0,0
89.92545,24.26734,-69,0,0,0
89.92545,24.26734,-72,0,0,0
89.92545,24.26734,-64,6,0,0
89.92545,24.26734,-66,0,0,0
89.92545,24.26734,-68,0,0,0
89.92545,24.26734,-65,0,0,0
89.92545,24.26734,-66,5,0,0
89.92545,24.26734,-68,1,0,0
89.92545,24.26734,-68,2,0,0
89.92545,24.26734,-70,0,0,0
89.92545,24.26734,-67,0,0,0
89.92545,24.26734,-70,2,0,0
89.92545,24.26734,-76,2,0,0
89.92545,24.26734,-74,0,0,0
89.92545,24.26734,-72,1,0,0
89.92545,24.26734,-70,3,0,0
89.92545,24.26734,-74,2,0,0
89.92545,24.26734,-73,0,0,0
89.92545,24.26734,-73,1,0,0
89.92545,24.26734,-63,0,0,0
89.92545,24.26734,-64,0,0,0
89.92545,24.26734,-73,3,0,0
89.92545,24.26734,-72,3,0,0
89.92545,24.26734,-74,1,0,0
89.92545,24.26734,-71,0,0,0
89.92545,24.26734,-72,2,0,0
89.92545,24.26734,-69,3,0,0
89.92545,24.26734,-70,1,0,0
89.92545,24.26734,-71,1,0,0
89.92522,24.26825,-70,0,0,0
89.92522,24.26825,-66,0,0,0
89.92522,24.26825,-68,0,0,0
89.92522,24.26825,-72,2,0,0
89.92522,24.26825,-71,0,0,0
89.92522,24.26825,-73,4,0,0
89.92522,24.26825,-70,3,0,0
89.92522,24.26825,-67,0,0,0
89.92522,24.26825,-72,1,0,0
89.92522,24.26825,-72,0,0,0
89.92522,24.26825,-70,1,0,0
89.92522,24.26825,-69,0,0,0
89.92522,24.26825,-72,3,0,0
89.92522,24.26825,-72,4,0,0
89.92522,24.26825,-71,1,0,0
89.92522,24.26825,-74,3,0,0
89.92522,24.26825,-66,5,0,0
89.92522,24.26825,-70,2,0,0
89.92522,24.26825,-71,3,0,0
89.92522,24.26825,-73,5,0,0
89.92522,24.26825,-48,0,0,0
89.92522,24.26825,-47,0,0,0
89.92322,24.27016,-47,0,0,0
89.92322,24.27016,-50,0,0,0
89.92322,24.27016,-52,0,0,0
89.92322,24.27016,-54,0,0,0
89.92322,24.27016,-58,0,0,0
89.92322,24.27016,-60,6,0,0
89.92322,24.27016,-56,0,0,0
89.92322,24.27016,-60,0,0,0
89.92322,24.27016,-49,4,0,0
89.92322,24.27016,-49,0,0,0
89.92322,24.27016,-55,0,0,0
89.92322,24.27016,-48,0,0,0
89.92322,24.27016,-59,0,0,0
89.92322,24.27016,-57,0,0,0
89.92322,24.27016,-61,0,0,0
89.92322,24.27016,-51,0,0,0
89.92322,24.27016,-52,1,0,0
89.92322,24.27016,-49,1,0,0
89.92322,24.27016,-56,2,0,0
89.92322,24.27016,-62,3,0,0
89.92322,24.27016,-66,2,0,0
89.92322,24.27016,-63,2,0,0
89.92322,24.27016,-62,1,0,0
89.92322,24.27016,-63,1,0,0
89.92322,24.27016,-67,2,0,0
89.92322,24.27016,-69,3,0,0
89.92322,24.27016,-68,1,0,0
89.92322,24.27016,-68,2,0,0
89.92322,24.27016,-67,1,0,0
89.92093,24.2741,-68,2,0,0
89.92093,24.2741,-66,2,0,0
89.92093,24.2741,-67,2,0,0
89.92093,24.2741,-66,0,0,0
89.92093,24.2741,-66,1,0,0
89.92093,24.2741,-64,2,0,0
89.92093,24.2741,-68,3,0,0
89.92093,24.2741,-62,1,0,0
89.92093,24.2741,-63,0,0,0
89.92093,24.2741,-68,0,0,0
89.92093,24.2741,-69,3,0,0
89.92093,24.2741,-70,3,0,0
89.92093,24.2741,-72,3,0,0
89.92093,24.2741,-72,1,0,0
89.92093,24.2741,-73,2,0,0
89.92093,24.2741,-74,1,0,0
89.92093,24.2741,-74,3,0,0
89.92093,24.2741,-68,5,0,0
89.92093,24.2741,-69,0,0,0
89.92093,24.2741,-73,3,0,0
89.92093,24.2741,-72,0,0,0
89.92093,24.2741,-72,4,0,0
89.92093,24.2741,-58,0,0,0
89.92093,24.2741,-47,0,0,0
89.92093,24.2741,-54,0,0,0
89.92093,24.2741,-70,0,0,0
89.92093,24.2741,-74,0,0,0
89.92093,24.2741,-55,0,0,0
89.92093,24.2741,-54,6,0,0
89.92093,24.2741,-59,0,0,0
89.92093,24.2741,-78,0,0,0
89.92093,24.2741,-82,1,0,0
89.92093,24.2741,-81,0,0,0
89.92093,24.2741,-57,0,0,0
89.92093,24.2741,-62,0,0,0
89.92093,24.2741,-67,0,0,0
89.92093,24.2741,-70,1,0,0
89.92084,24.27429,-74,0,0,0
89.91893,24.27833,-77,1,0,0
89.91893,24.27833,-75,1,0,0
89.91893,24.27833,-74,0,0,0
89.91893,24.27833,-74,4,0,0
89.91893,24.27833,-69,0,0,0
89.91893,24.27833,-72,0,0,0
89.91893,24.27833,-76,0,0,0
89.91893,24.27833,-78,1,0,0
89.91893,24.27833,-78,2,0,0
89.91893,24.27833,-78,3,0,0
89.91893,24.27833,-76,4,0,0
89.91893,24.27833,-76,3,0,0
89.91893,24.27833,-74,1,0,0
89.91893,24.27833,-77,0,0,0
89.91893,24.27833,-80,1,0,0
89.91893,24.27833,-80,3,0,0
89.91893,24.27833,-62,0,0,0
89.91893,24.27833,-60,0,0,0
89.91893,24.27833,-70,0,0,0
89.91893,24.27833,-75,0,0,0
89.91893,24.27833,-78,0,0,0
89.91893,24.27833,-76,1,0,0
89.91893,24.27833,-79,0,0,0
89.91893,24.27833,-80,0,0,0
89.91893,24.27833,-82,0,0,0
89.91756,24.28376,-75,0,0,0
89.91756,24.28376,-80,0,0,0
89.91756,24.28376,-84,0,0,0
89.91756,24.28376,-82,0,0,0
89.91756,24.28376,-78,0,0,0
89.91756,24.28376,-76,0,0,0
89.91756,24.28376,-74,0,0,0
89.91756,24.28376,-79,0,0,0
89.91756,24.28376,-77,0,0,0
89.91756,24.28376,-47,0,0,0
89.91756,24.28376,-53,0,0,0
89.91756,24.28376,-58,0,0,0
89.91756,24.28376,-62,0,0,0
89.91756,24.28376,-68,0,0,0
89.91756,24.28376,-73,0,0,0
89.91756,24.28376,-72,0,0,0
89.91756,24.28376,-79,1,0,0
89.91756,24.28376,-77,1,0,0
89.92164,24.28128,-85,1,0,0
89.92164,24.28128,-78,0,0,0
89.92164,24.28128,-80,0,0,0
89.92164,24.28128,-82,0,0,0
89.92164,24.28128,-84,1,0,0
89.92164,24.28128,-84,0,0,0
89.92164,24.28128,-83,0,0,0
89.92164,24.28128,-81,0,0,0
89.92164,24.28128,-75,0,0,0
89.92164,24.28128,-67,0,0,0
89.92164,24.28128,-68,0,0,0
89.92164,24.28128,-86,2,0,0
89.92164,24.28128,-62,0,0,0
89.92164,24.28128,-64,0,0,0
89.92164,24.28128,-72,0,0,0
89.92164,24.28128,-77,0,0,0
89.92164,24.28128,-74,0,0,0
89.92164,24.28128,-76,0,0,0
89.92164,24.28128,-71,0,0,0
89.92164,24.28128,-81,1,0,0
89.92202,24.28115,-80,0,0,0
89.92736,24.27927,-81,0,0,0
89.92736,24.27927,-80,0,0,0
89.92736,24.27927,-84,0,0,0
89.92736,24.27927,-79,0,0,0
89.92736,24.27927,-82,2,0,0
89.92736,24.27927,-78,0,0,0
89.92736,24.27927,-80,1,0,0
89.92736,24.27927,-83,0,0,0
89.92736,24.27927,-82,1,0,0
89.93349,24.27465,-80,0,0,0
89.93349,24.27465,-78,0,0,0
89.93349,24.27465,-76,0,0,0
89.93349,24.27465,-74,0,0,0
89.93349,24.27465,-69,0,0,0
89.93349,24.27465,-71,0,0,0
89.93349,24.27465,-73,1,0,0
89.93349,24.27465,-76,2,0,0
89.93349,24.27465,-79,1,0,0
89.93349,24.27465,-78,4,0,0
89.93349,24.27465,-80,2,0,0
89.93349,24.27465,-82,0,0,0
89.93349,24.27465,-79,0,0,0
89.93349,24.27465,-81,0,0,0
89.93349,24.27465,-78,3,0,0
89.93349,24.27465,-81,2,0,0
89.93349,24.27465,-79,2,0,0
89.93349,24.27465,-80,1,0,0
89.93349,24.27465,-72,0,0,0
89.93349,24.27465,-70,0,0,0
89.93349,24.27465,-75,0,0,0
89.93349,24.27465,-77,0,0,0
89.93349,24.27465,-78,1,0,0
89.93349,24.27465,-74,1,0,0
89.93349,24.27465,-81,3,0,0
89.93349,24.27465,-80,3,0,0
89.93349,24.27465,-84,4,0,0
89.93349,24.27465,-81,4,0,0
89.93738,24.26943,-80,3,0,0
89.93738,24.26943,-77,3,0,0
89.93738,24.26943,-81,4,0,0
89.93738,24.26943,-82,4,0,0
89.93738,24.26943,-78,3,0,0
89.93738,24.26943,-74,0,0,0
89.93738,24.26943,-81,1,0,0
89.93738,24.26943,-75,0,0,0
89.93738,24.26943,-77,2,0,0
89.93738,24.26943,-80,2,0,0
89.93738,24.26943,-83,3,0,0
89.93738,24.26943,-78,2,0,0
89.93738,24.26943,-76,3,0,0
89.93738,24.26943,-75,2,0,0
89.93738,24.26943,-75,5,0,0
89.93738,24.26943,-72,0,0,0
89.93738,24.26943,-72,1,0,0
89.93738,24.26943,-72,4,0,0
89.93738,24.26943,-74,1,0,0
89.93738,24.26943,-73,2,0,0
89.93738,24.26943,-71,0,0,0
89.93738,24.26943,-69,0,0,0
89.93738,24.26943,-72,2,0,0
89.93738,24.26943,-63,0,0,0
89.93738,24.26943,-67,0,0,0
89.93738,24.26943,-68,0,0,0
89.93738,24.26943,-61,0,0,0
89.93738,24.26943,-59,0,0,0
89.93738,24.26943,-62,0,0,0
89.93738,24.26943,-62,2,0,0
89.93738,24.26943,-61,3,0,0
89.93738,24.26943,-60,0,0,0
89.93738,24.26943,-64,0,0,0
89.93738,24.26943,-66,3,0,0
89.93738,24.26943,-68,4,0,0
89.93738,24.26943,-65,0,0,0
89.93738,24.26943,-66,0,0,0
89.93738,24.26943,-78,0,0,0
89.93738,24.26943,-75,1,0,0
89.93738,24.26943,-73,0,0,0
89.93734,24.26928,-75,0,0,0
89.93664,24.26679,-78,0,0,0
89.93664,24.26679,-71,0,0,0
89.93664,24.26679,-75,0,0,0
89.93664,24.26679,-76,0,0,0
89.93664,24.26679,-77,2,0,0
89.93664,24.26679,-75,1,0,0
89.93664,24.26679,-79,0,0,0
89.93664,24.26679,-79,1,0,0
89.93664,24.26679,-81,1,0,0
89.93664,24.26679,-78,2,0,0
89.93664,24.26679,-76,1,0,0
89.93664,24.26679,-66,3,0,0
89.93664,24.26679,-64,1,0,0
89.93664,24.26679,-62,0,0,0
89.93664,24.26679,-63,0,0,0
89.93664,24.26679,-66,0,0,0
89.93664,24.26679,-68,0,0,0
89.93664,24.26679,-70,0,0,0
89.93664,24.26679,-60,1,0,0
89.93664,24.26679,-59,2,0,0
89.93664,24.26679,-58,0,0,0
89.93664,24.26679,-60,0,0,0
89.93664,24.26679,-64,0,0,0
89.93664,24.26679,-63,1,0,0
89.93664,24.26679,-65,1,0,0
89.93664,24.26679,-66,1,0,0
89.93664,24.26679,-80,1,0,0
89.93664,24.26679,-78,1,0,0
89.93664,24.26679,-80,2,0,0
89.93664,24.26679,-74,0,0,0
89.93664,24.26679,-72,0,0,0
89.93664,24.26679,-73,0,0,0
89.93664,24.26679,-68,1,0,0
89.93664,24.26679,-68,3,0,0
89.93664,24.26679,-69,0,0,0
89.93664,24.26679,-67,0,0,0
89.9334,24.26451,-72,0,0,0
89.9334,24.26451,-76,0,0,0
89.9334,24.26451,-77,0,0,0
89.9334,24.26451,-78,0,0,0
89.9334,24.26451,-80,0,0,0
89.9334,24.26451,-73,0,0,0
89.9334,24.26451,-74,0,0,0
89.9334,24.26451,-79,0,0,0
89.9334,24.26451,-84,0,0,0
89.9334,24.26451,-84,1,0,0
89.9334,24.26451,-87,0,0,0
89.9334,24.26451,-88,4,0,0
89.9334,24.26451,-83,0,0,0
89.9334,24.26451,-86,0,0,0
89.9334,24.26451,-89,3,0,0
89.9334,24.26451,-70,0,0,0
89.9334,24.26451,-75,0,0,0
89.9334,24.26451,-75,5,0,0
89.9334,24.26451,-84,7,0,0
89.9334,24.26451,-81,0,0,0
89.9334,24.26451,-74,1,0,0
89.9334,24.26451,-78,1,0,0
89.9334,24.26451,-86,1,0,0
89.9334,24.26451,-90,1,0,0
89.93107,24.26297,-91,3,0,0
89.93106,24.26297,-87,1,0,0
89.93106,24.26297,-87,3,0,0
89.93106,24.26297,-86,0,0,0
89.93106,24.26297,-85,1,0,0
89.93106,24.26297,-88,2,0,0
89.93106,24.26297,-84,1,0,0
89.93106,24.26297,-83,2,0,0
89.93106,24.26297,-84,2,0,0
89.93106,24.26297,-82,0,0,0
89.93106,24.26297,-84,0,0,0
89.93106,24.26297,-82,2,0,0
89.93106,24.26297,-88,4,0,0
89.93106,24.26297,-87,5,0,0
89.93106,24.26297,-89,5,0,0
89.93106,24.26297,-90,3,0,0
89.93106,24.26297,-89,4,0,0
89.93106,24.26297,-92,5,0,0
89.93106,24.26297,-91,5,0,0
89.93106,24.26297,-91,4,0,0
89.93106,24.26297,-90,4,0,0
89.93106,24.26297,-93,4,0,0
89.93106,24.26297,-87,2,0,0
89.93106,24.26297,-89,0,0,0
89.93106,24.26297,-88,1,0,0
89.93106,24.26297,-90,0,0,0
89.93106,24.26297,-87,0,0,0
89.93106,24.26297,-85,0,0,0
89.93106,24.26297,-88,0,0,0
89.93106,24.26297,-88,3,0,0
89.93106,24.26297,-86,1,0,0
89.93106,24.26297,-83,1,0,0
89.93106,24.26297,-85,2,0,0
89.93106,24.26297,-86,2,0,0
89.93089,24.26285,-85,1,0,0
89.92871,24.26142,-84,1,0,0
89.92871,24.26142,-83,1,0,0
89.92871,24.26142,-83,0,0,0
89.92871,24.26142,-86,1,0,0
89.92871,24.26142,-85,1,0,0
89.92871,24.26142,-85,0,0,0
89.92871,24.26142,-84,0,0,0
89.92871,24.26142,-82,0,0,0
89.92871,24.26142,-84,2,0,0
89.92871,24.26142,-81,0,0,0
89.92871,24.26142,-83,3,0,0
89.92871,24.26142,-86,4,0,0
89.92871,24.26142,-84,3,0,0
89.92871,24.26142,-84,5,0,0
89.92871,24.26142,-80,1,0,0
89.92871,24.26142,-81,2,0,0
89.92871,24.26142,-90,4,0,0
89.92871,24.26142,-88,4,0,0
89.92871,24.26142,-88,1,0,0
89.92871,24.26142,-87,0,0,0
89.92871,24.26142,-90,3,0,0
89.92871,24.26142,-90,2,0,0
89.92871,24.26142,-89,0,0,0
89.92871,24.26142,-82,2,0,0
89.92871,24.26142,-80,0,0,0
89.92871,24.26142,-79,1,0,0
89.92871,24.26142,-78,2,0,0
89.92871,24.26142,-76,1,0,0
89.92871,24.26142,-76,0,0,0
89.92871,24.26142,-75,0,0,0
89.9258,24.25947,-69,0,0,0
89.9258,24.25947,-69,6,0,0
89.9258,24.25947,-74,0,0,0
89.9258,24.25947,-70,0,0,0
89.9258,24.25947,-72,0,0,0
89.9258,24.25947,-77,0,0,0
89.9258,24.25947,-76,0,0,0
89.9258,24.25947,-78,0,0,0
89.9258,24.25947,-80,0,0,0
89.9258,24.25947,-79,0,0,0
89.9258,24.25947,-82,0,0,0
89.9258,24.25947,-84,0,0,0
89.9258,24.25947,-83,0,0,0
89.9258,24.25947,-85,0,0,0
89.9258,24.25947,-84,1,0,0
89.9258,24.25947,-86,2,0,0
89.9258,24.25947,-81,0,0,0
89.9258,24.25947,-81,1,0,0
89.9258,24.25947,-82,1,0,0
89.92274,24.25747,-78,0,0,0
89.92274,24.25747,-82,0,0,0
89.92274,24.25747,-84,0,0,0
89.92274,24.25747,-86,0,0,0
89.92274,24.25747,-85,0,0,0
89.92274,24.25747,-88,2,0,0
89.92274,24.25747,-81,0,0,0
89.92274,24.25747,-79,0,0,0
89.92274,24.25747,-76,0,0,0
89.92274,24.25747,-80,0,0,0
89.92274,24.25747,-86,2,0,0
89.92274,24.25747,-88,0,0,0
89.92274,24.25747,-87,0,0,0
89.92274,24.25747,-86,1,0,0
89.92274,24.25747,-85,1,0,0
89.92274,24.25747,-87,1,0,0
89.92274,24.25747,-77,0,0,0
89.92274,24.25747,-74,0,0,0
89.92274,24.25747,-74,4,0,0
89.92274,24.25747,-70,0,0,0
89.92274,24.25747,-64,0,0,0
89.92274,24.25747,-62,1,0,0
89.92274,24.25747,-67,0,0,0
89.92274,24.25747,-68,0,0,0
89.92274,24.25747,-68,1,0,0
89.92274,24.25747,-69,0,0,0
89.92274,24.25747,-61,0,0,0
89.9227,24.25743,-64,0,0,0
89.92193,24.25688,-67,0,0,0
89.92193,24.25688,-69,0,0,0
89.92193,24.25688,-72,0,0,0
89.92193,24.25688,-74,0,0,0
89.92193,24.25688,-70,0,0,0
89.92193,24.25688,-76,0,0,0
89.92193,24.25688,-80,0,0,0
89.92193,24.25688,-80,1,0,0
89.92193,24.25688,-78,0,0,0
89.92193,24.25688,-81,3,0,0
89.92193,24.25688,-74,2,0,0
89.92193,24.25688,-72,1,0,0
89.92193,24.25688,-69,1,0,0
89.92193,24.25688,-68,2,0,0
89.92193,24.25688,-73,1,0,0
89.92193,24.25688,-64,1,0,0
89.92193,24.25688,-59,1,0,0
89.92193,24.25688,-60,0,0,0
89.92193,24.25688,-61,2,0,0
89.92193,24.25688,-64,0,0,0
89.92193,24.25688,-65,0,0,0
89.92193,24.25688,-61,0,0,0
89.92193,24.25688,-66,1,0,0
89.92193,24.25688,-66,2,0,0
89.92193,24.25688,-62,0,0,0
89.92193,24.25688,-58,0,0,0
89.92193,24.25688,-57,5,0,0
89.92193,24.25688,-52,0,0,0
89.92193,24.25688,-66,0,0,0
89.92193,24.25688,-68,0,0,0
89.92193,24.25688,-62,1,0,0
89.9219,24.25674,-62,0,0,0
89.92142,24.25451,-66,0,0,0
89.92142,24.25451,-64,0,0,0
89.92142,24.25451,-70,0,0,0
89.92142,24.25451,-65,0,0,0
89.92142,24.25451,-66,1,0,0
89.92142,24.25451,-62,0,0,0
89.92142,24.25451,-63,0,0,0
89.92142,24.25451,-60,0,0,0
89.92142,24.25451,-61,0,0,0
89.92142,24.25451,-58,0,0,0
89.92142,24.25451,-47,0,0,0
89.92142,24.25451,-48,0,0,0
89.92142,24.25451,-50,0,0,0
89.92142,24.25451,-51,0,0,0
89.92142,24.25451,-54,0,0,0
89.92142,24.25451,-54,4,0,0
89.92028,24.25268,-47,0,0,0
89.92028,24.25268,-48,0,0,0
89.92028,24.25268,-50,0,0,0
89.92028,24.25268,-53,0,0,0
89.92028,24.25268,-54,0,0,0
89.92028,24.25268,-56,2,0,0
89.92028,24.25268,-56,0,0,0
89.92028,24.25268,-56,1,0,0
89.92028,24.25268,-52,0,0,0
89.92028,24.25268,-52,2,0,0
89.92028,24.25268,-54,1,0,0
89.92028,24.25268,-58,0,0,0
89.92028,24.25268,-58,3,0,0
89.92028,24.25268,-60,1,0,0
89.92028,24.25268,-57,1,0,0
89.92028,24.25268,-56,3,0,0
89.92028,24.25268,-60,2,0,0
89.92028,24.25268,-58,1,0,0
89.91785,24.25321,-60,4,0,0
89.91785,24.25321,-57,3,0,0
89.91785,24.25321,-57,0,0,0
89.91785,24.25321,-63,5,0,0
89.91785,24.25321,-68,2,0,0
89.91785,24.25321,-69,5,0,0
89.91785,24.25321,-70,6,0,0
89.91785,24.25321,-67,6,0,0
89.91785,24.25321,-70,7,0,0
89.91785,24.25321,-66,6,0,0
89.91785,24.25321,-74,7,0,0
89.91785,24.25321,-72,7,0,0
89.91785,24.25321,-51,0,0,0
89.91785,24.25321,-60,0,0,0
89.91785,24.25321,-58,0,0,0
89.91785,24.25321,-64,0,0,0
89.91785,24.25321,-62,0,0,0
89.91785,24.25321,-68,0,0,0
89.91785,24.25321,-67,0,0,0
89.91785,24.25321,-70,0,0,0
89.91785,24.25321,-72,0,0,0
89.91785,24.25321,-74,2,0,0
89.91785,24.25321,-76,0,0,0
89.91785,24.25321,-73,0,0,0
89.91785,24.25321,-74,0,0,0
89.91785,24.25321,-77,0,0,0
89.91785,24.25321,-76,3,0,0
89.91785,24.25321,-75,0,0,0
89.91785,24.25321,-73,1,0,0
89.91785,24.25321,-78,3,0,0
89.91785,24.25321,-78,1,0,0
89.91785,24.25321,-76,1,0,0
89.91785,24.25321,-78,0,0,0
89.91785,24.25321,-79,0,0,0
89.91785,24.25321,-79,2,0,0
89.91785,24.25321,-81,1,0,0
89.91785,24.25321,-77,1,0,0
89.9178,24.25315,-70,0,0,0
89.91707,24.25217,-70,0,0,0
89.91707,24.25217,-68,0,0,0
89.91707,24.25217,-74,0,0,0
89.91707,24.25217,-77,0,0,0
89.91707,24.25217,-80,2,0,0
89.91707,24.25217,-82,3,0,0
89.91707,24.25217,-82,2,0,0
89.91707,24.25217,-82,0,0,0
89.91707,24.25217,-84,0,0,0
89.91707,24.25217,-86,0,0,0
89.91707,24.25217,-88,0,0,0
89.91707,24.25217,-90,2,0,0
89.91707,24.25217,-85,3,0,0
89.91707,24.25217,-85,1,0,0
89.91707,24.25217,-88,2,0,0
89.91707,24.25217,-88,1,0,0
89.91707,24.25217,-89,2,0,0
89.91707,24.25217,-79,2,0,0
89.91707,24.25217,-67,0,0,0
89.91707,24.25217,-62,5,0,0
89.91707,24.25217,-62,0,0,0
89.91707,24.25217,-71,0,0,0
89.91707,24.25217,-69,0,0,0
89.91707,24.25217,-72,0,0,0
89.91707,24.25217,-76,0,0,0
89.91707,24.25217,-75,1,0,0
89.91707,24.25217,-75,2,0,0
89.91707,24.25217,-78,1,0,0
89.91707,24.25217,-77,1,0,0
89.91707,24.25217,-80,1,0,0
89.91707,24.25217,-80,0,0,0
89.91707,24.25217,-81,1,0,0
89.91707,24.25217,-82,1,0,0
89.91707,24.25217,-83,2,0,0
89.91707,24.25217,-79,0,0,0
89.91707,24.25217,-75,0,0,0
89.91707,24.25217,-76,2,0,0
89.91707,24.25217,-72,1,0,0
89.91707,24.25213,-73,0,0,0
89.91707,24.25213,-72,0,0,0
89.91707,24.25213,-75,0,0,0
89.91707,24.25213,-74,0,0,0
89.91707,24.25213,-78,0,0,0
89.91707,24.25213,-76,0,0,0
89.91707,24.25213,-77,0,0,0
89.91707,24.25213,-69,0,0,0
89.91707,24.25213,-71,0,0,0
89.91707,24.25213,-70,0,0,0
89.91707,24.25213,-69,1,0,0
89.91707,24.25213,-67,1,0,0
89.91707,24.25213,-60,0,0,0
89.91707,24.25213,-55,0,0,0
89.91707,24.25213,-58,0,0,0
89.91707,24.25213,-56,0,0,0
89.91707,24.25213,-53,0,0,0
89.91707,24.25213,-51,0,0,0
89.91707,24.25213,-48,0,0,0
89.91707,24.25213,-76,2,0,0
89.91707,24.25213,-47,0,0,0
89.91707,24.25213,-50,0,0,0
89.91707,24.25213,-54,0,0,0
89.91707,24.25213,-52,0,0,0
89.91707,24.25213,-49,0,0,0
89.91707,24.25213,-57,0,0,0
89.91707,24.25213,-58,2,0,0
89.91707,24.25213,-59,0,0,0
89.91707,24.25213,-59,1,0,0
89.91707,24.25213,-61,4,0,0
89.91707,24.25213,-60,3,0,0
89.91707,24.25213,-61,2,0,0
89.91707,24.25213,-61,0,0,0
89.91707,24.25213,-63,3,0,0
89.91707,24.25213,-62,1,0,0
89.91707,24.25213,-65,2,0,0
89.91707,24.25213,-67,0,0,0
89.91707,24.25213,-68,1,0,0
89.91707,24.25213,-68,2,0,0
89.91707,24.25213,-69,2,0,0
89.91707,24.25213,-72,1,0,0
89.91707,24.25213,-72,2,0,0
89.91707,24.25213,-67,5,0,0
89.91707,24.25213,-68,3,0,0
89.91707,24.25213,-66,0,0,0
89.91707,24.25213,-66,2,0,0
89.91707,24.25213,-73,1,0,0
89.91707,24.25213,-76,1,0,0
89.91707,24.25213,-60,1,0,0
89.91707,24.25213,-59,5,0,0
89.91707,24.25213,-67,4,0,0
89.91707,24.25213,-69,3,0,0
89.91707,24.25213,-73,4,0,0
89.91707,24.25213,-72,5,0,0
89.91707,24.25213,-71,4,0,0
89.91707,24.25213,-64,0,0,0
89.91707,24.25213,-63,0,0,0
89.91707,24.25213,-64,1,0,0
89.91707,24.25213,-68,0,0,0
89.91707,24.25213,-65,0,0,0
89.91707,24.25213,-70,1,0,0
89.91707,24.25213,-70,2,0,0
89.91707,24.25213,-72,3,0,0
89.91707,24.25213,-71,2,0,0
89.91707,24.25213,-77,1,0,0
89.91707,24.25213,-79,0,0,0
89.91707,24.25213,-80,2,0,0
89.91707,24.25213,-80,4,0,0
89.91707,24.25213,-78,2,0,0
89.91707,24.25213,-74,1,0,0
89.91707,24.25213,-78,4,0,0
89.91707,24.25213,-78,3,0,0
89.91707,24.25213,-74,3,0,0
89.91707,24.25213,-77,3,0,0
89.91707,24.25213,-76,4,0,0
89.91707,24.25213,-77,2,0,0
89.91707,24.25213,-74,2,0,0
89.91707,24.25213,-76,3,0,0
89.91707,24.25213,-76,5,0,0
89.91707,24.25213,-79,3,0,0
89.91707,24.25213,-62,6,0,0
89.91707,24.25213,-62,0,0,0
89.91707,24.25213,-66,1,0,0
89.91707,24.25213,-61,3,0,0
89.91707,24.25213,-64,2,0,0
89.91707,24.25213,-63,2,0,0
89.91707,24.25213,-64,3,0,0
89.91707,24.25213,-62,2,0,0
89.91707,24.25213,-63,1,0,0
89.91707,24.25213,-70,3,0,0
89.91707,24.25213,-73,2,0,0
89.91707,24.25213,-80,1,0,0
89.91707,24.25213,-80,0,0,0
89.91707,24.25213,-82,1,0,0
89.91707,24.25213,-82,2,0,0
89.91707,24.25213,-73,3,0,0
89.91707,24.25213,-74,4,0,0
89.91707,24.25213,-75,4,0,0
89.91707,24.25213,-79,1,0,0
89.91707,24.25213,-81,2,0,0
89.91707,24.25213,-75,3,0,0
89.91707,24.25213,-75,1,0,0
89.91707,24.25213,-62,4,0,0
89.91707,24.25213,-75,5,0,0
89.91707,24.25213,-78,1,0,0
89.91707,24.25213,-58,4,0,0
89.91707,24.25213,-83,0,0,0
89.91707,24.25213,-82,0,0,0
89.91707,24.25213,-81,0,0,0
89.91707,24.25213,-81,1,0,0
89.91707,24.25213,-56,6,0,0
89.91707,24.25213,-81,4,0,0
89.91707,24.25213,-82,4,0,0
89.91707,24.25213,-84,0,0,0
89.91707,24.25213,-85,0,0,0
89.91707,24.25213,-86,0,0,0
89.91707,24.25213,-88,2,0,0
89.91707,24.25213,-84,1,0,0
89.91707,24.25213,-86,1,0,0
89.91707,24.25213,-87,0,0,0
89.91707,24.25213,-88,1,0,0
89.91707,24.25213,-86,2,0,0
89.91707,24.25213,-87,2,0,0
89.91707,24.25213,-85,1,0,0
89.91707,24.25213,-88,0,0,0
89.91707,24.25213,-87,1,0,0
89.91707,24.25213,-90,0,0,0
89.91707,24.25213,-88,4,0,0
89.91707,24.25213,-89,1,0,0
89.91707,24.25213,-89,2,0,0
89.91707,24.25213,-89,0,0,0
89.91707,24.25213,-84,2,0,0
89.91707,24.25213,-92,1,0,0
89.91707,24.25213,-92,0,0,0
89.91707,24.25213,-90,5,0,0
89.91707,24.25213,-90,1,0,0
89.91707,24.25213,-89,5,0,0
89.91707,24.25213,-86,5,0,0
89.91707,24.25213,-88,5,0,0
89.91707,24.25213,-87,4,0,0
89.91707,24.25213,-89,4,0,0
89.91707,24.25213,-86,3,0,0
89.91707,24.25213,-88,3,0,0
89.91707,24.25213,-87,3,0,0
89.91707,24.25213,-89,3,0,0
89.91707,24.25213,-87,7,0,0
89.91707,24.25213,-90,3,0,0
89.91707,24.25213,-92,5,0,0
89.91707,24.25213,-92,4,0,0
89.91707,24.25213,-92,3,0,0
89.91707,24.25213,-94,5,0,0
89.91707,24.25213,-91,3,0,0
89.91707,24.25213,-93,2,0,0
89.91707,24.25213,-92,6,0,0
89.91707,24.25213,-94,6,1,1
89.91707,24.25213,-91,6,0,1
89.91707,24.25213,-91,2,0,0
89.91707,24.25213,-93,4,0,0
89.91707,24.25213,-96,3,0,0
89.91707,24.25213,-94,2,0,0
89.91707,24.25213,-91,5,0,0
89.91707,24.25213,-91,4,0,0
89.91707,24.25213,-94,3,0,0
89.91707,24.25213,-93,3,0,0
89.91707,24.25213,-83,3,0,0
89.91707,24.25213,-83,2,0,0
89.91707,24.25213,-88,6,0,0
89.91707,24.25213,-74,5,0,0
89.91707,24.25213,-75,6,0,0
89.91707,24.25213,-81,3,0,0
89.91707,24.25213,-80,3,0,0
89.91707,24.25213,-79,2,0,0
89.91707,24.25213,-75,2,0,0
89.91707,24.25213,-71,5,0,0
89.91707,24.25213,-65,5,0,0
89.91707,24.25213,-66,3,0,0
89.91707,24.25213,-66,4,0,0
89.91707,24.25213,-67,2,0,0
89.91707,24.25213,-68,4,0,0
89.91707,24.25213,-71,1,0,0
89.91707,24.25213,-65,1,0,0
89.91707,24.25213,-48,1,0,0
89.91707,24.25213,-58,3,0,0
89.91707,24.25213,-52,6,0,0
89.91707,24.25213,-54,2,0,0
89.91707,24.25213,-77,4,0,0
89.91707,24.25213,-78,6,0,0
89.91707,24.25213,-79,4,0,0
89.91707,24.25213,-71,3,0,0
89.91707,24.25213,-83,4,0,0
89.91707,24.25213,-47,6,0,0
89.91707,24.25213,-48,6,0,0
89.91707,24.25213,-57,2,0,0
89.91707,24.25213,-56,1,0,0
89.91707,24.25213,-60,2,0,0
89.91707,24.25213,-59,2,0,0
89.91707,24.25213,-56,2,0,0
89.91707,24.25213,-56,4,0,0
89.91707,24.25213,-57,1,0,0
89.91707,24.25213,-57,5,0,0
89.91707,24.25213,-52,2,0,0
89.91707,24.25213,-56,3,0,0
89.91707,24.25213,-58,1,0,0
89.91707,24.25213,-57,3,0,0
89.91707,24.25213,-65,4,0,0
89.91707,24.25213,-55,1,0,0
89.91707,24.25213,-53,4,0,0
89.91707,24.25213,-61,1,0,0
89.91707,24.25213,-84,3,0,0
89.91707,24.25213,-83,5,0,0
89.91707,24.25213,-83,1,0,0
89.91707,24.25213,-82,3,0,0
89.91707,24.25213,-86,4,0,0
89.91707,24.25213,-85,2,0,0
89.91707,24.25213,-85,4,0,0
89.91707,24.25213,-90,2,0,0
89.91707,24.25213,-82,5,0,0
89.91707,24.25213,-78,5,0,0
89.91707,24.25213,-90,4,0,0
89.91707,24.25213,-92,2,0,0
89.91707,24.25213,-84,4,0,0
89.91707,24.25213,-67,6,0,0
89.91707,24.25213,-58,6,0,0
89.91707,24.25213,-87,5,0,0
89.91707,24.25213,-81,5,0,0
89.91707,24.25213,-85,3,0,0
89.91707,24.25213,-91,0,0,0
89.91707,24.25213,-83,6,0,0
89.91707,24.25213,-85,5,0,0
89.91707,24.25213,-82,6,0,0
89.91707,24.25213,-79,5,0,0
89.91707,24.25213,-84,5,0,0
89.91707,24.25213,-89,6,0,0
89.91707,24.25213,-88,7,0,0
89.91707,24.25213,-86,6,0,0
89.91707,24.25213,-86,7,0,0
89.91707,24.25213,-85,6,0,0
89.91707,24.25213,-84,6,0,0
89.91707,24.25213,-85,7,0,0
89.91707,24.25213,-60,4,0,0
89.91707,24.25213,-62,3,0,0
89.91707,24.25213,-91,1,0,0
89.91707,24.25213,-77,6,0,0
89.91707,24.25213,-68,5,0,0
89.91707,24.25213,-76,6,0,0
90.26366,23.79793,-49,0,0,0
90.26366,23.79793,-50,0,0,0
90.26366,23.79793,-52,0,0,0
90.26366,23.79793,-56,2,0,0
90.26366,23.79793,-51,0,0,0
90.26366,23.79793,-53,0,0,0
90.26366,23.79793,-58,0,0,0
90.26366,23.79793,-54,0,0,0
90.26366,23.79793,-55,2,0,0
90.26366,23.79793,-58,2,0,0
90.26366,23.79793,-60,3,0,0
90.26366,23.79793,-59,4,0,0
90.26366,23.79793,-60,4,0,0
90.26366,23.79793,-58,5,0,0
90.26366,23.79793,-58,4,0,0
90.26366,23.79793,-56,4,0,0
90.26366,23.79793,-54,5,0,0
90.26366,23.79793,-54,2,0,0
90.26366,23.79793,-56,3,0,0
90.26366,23.79793,-52,3,0,0
90.26366,23.79793,-53,3,0,0
90.26366,23.79793,-52,2,0,0
90.26366,23.79793,-54,4,0,0
90.26366,23.79793,-58,1,0,0
90.26366,23.79793,-59,0,0,0
90.26366,23.79793,-57,4,0,0
90.26366,23.79793,-57,1,0,0
90.26366,23.79793,-56,5,0,0
90.26366,23.79793,-54,6,0,0
90.26366,23.79793,-52,5,0,0
90.26366,23.79793,-55,4,0,0
90.26366,23.79793,-54,1,0,0
90.26366,23.79793,-61,3,0,0
90.26366,23.79793,-57,0,0,0
90.26366,23.79793,-52,4,0,0
90.26234,23.80249,-53,5,0,0
90.26234,23.80249,-56,5,0,0
90.26234,23.80249,-55,0,0,0
90.26234,23.80249,-51,0,0,0
90.26234,23.80249,-50,0,0,0
90.26234,23.80249,-58,0,0,0
90.26234,23.80249,-62,0,0,0
90.26234,23.80249,-68,1,0,0
90.26234,23.80249,-67,1,0,0
90.26234,23.80249,-68,2,0,0
90.26234,23.80249,-66,2,0,0
90.26234,23.80249,-67,0,0,0
90.26234,23.80249,-70,1,0,0
90.26234,23.80249,-72,2,0,0
90.26234,23.80249,-57,0,0,0
90.26234,23.80249,-59,1,0,0
90.26234,23.80249,-61,0,0,0
90.26234,23.80249,-64,0,0,0
90.26234,23.80249,-63,0,0,0
90.26234,23.80249,-66,1,0,0
90.26234,23.80249,-67,2,0,0
90.26234,23.80249,-68,0,0,0
90.26234,23.80249,-71,0,0,0
90.26234,23.80249,-74,4,0,0
90.26234,23.80249,-73,1,0,0
90.26234,23.80249,-76,3,0,0
90.26234,23.80249,-74,2,0,0
90.26234,23.80249,-74,1,0,0
90.26234,23.80249,-75,2,0,0
90.26234,23.80249,-71,1,0,0
90.26234,23.80249,-72,0,0,0
90.26234,23.80249,-75,0,0,0
90.26234,23.80249,-76,1,0,0
90.26234,23.80249,-66,0,0,0
90.26234,23.80249,-72,1,0,0
90.26234,23.80249,-65,0,0,0
90.25868,23.80947,-61,0,0,0
90.25868,23.80947,-58,6,0,0
90.25868,23.80947,-62,0,0,0
90.25868,23.80947,-58,0,0,0
90.25868,23.80947,-80,2,0,0
90.25868,23.80947,-80,4,0,0
90.25868,23.80947,-78,1,0,0
90.25868,23.80947,-75,6,0,0
90.25868,23.80947,-80,1,0,0
90.25868,23.80947,-76,1,0,0
90.25868,23.80947,-77,2,0,0
90.25868,23.80947,-79,3,0,0
90.25868,23.80947,-78,2,0,0
90.25868,23.80947,-79,4,0,0
90.25868,23.80947,-78,0,0,0
90.25868,23.80947,-50,5,0,0
90.25868,23.80947,-47,0,0,0
90.25868,23.80947,-48,0,0,0
90.25868,23.80947,-51,0,0,0
90.25868,23.80947,-50,0,0,0
90.25868,23.80947,-54,0,0,0
90.25868,23.80947,-57,0,0,0
90.25868,23.80947,-55,0,0,0
90.25868,23.80947,-63,0,0,0
90.25868,23.80947,-67,0,0,0
90.25868,23.80947,-71,0,0,0
90.25868,23.80947,-72,0,0,0
90.25868,23.80947,-74,3,0,0
90.25868,23.80947,-72,3,0,0
90.25868,23.80947,-68,2,0,0
90.25868,23.80947,-65,0,0,0
90.25868,23.80947,-64,0,0,0
90.25868,23.80947,-70,0,0,0
90.25868,23.80947,-66,0,0,0
90.25868,23.80947,-65,3,0,0
90.25868,23.80947,-62,4,0,0
90.25868,23.80947,-64,6,0,0
90.25868,23.80947,-59,1,0,0
90.25868,23.80947,-63,2,0,0
90.25868,23.80947,-67,3,0,0
90.25868,23.80947,-68,3,0,0
90.25858,23.80962,-70,5,0,0
90.25858,23.80962,-70,4,0,0
90.25858,23.80962,-68,1,0,0
90.25858,23.80962,-68,0,0,0
90.25858,23.80962,-68,3,0,0
90.25858,23.80962,-66,6,0,0
90.25858,23.80962,-65,5,0,0
90.25858,23.80962,-73,6,0,0
90.25858,23.80962,-72,5,0,0
90.25858,23.80962,-72,4,0,0
90.25858,23.80962,-69,5,0,0
90.25858,23.80962,-66,7,0,0
90.25858,23.80962,-62,6,0,0
90.25858,23.80962,-59,6,0,0
90.25858,23.80962,-61,6,0,0
90.25858,23.80962,-68,6,0,0
90.25858,23.80962,-67,6,0,0
90.25858,23.80962,-65,6,0,0
90.25858,23.80962,-72,6,0,0
90.25858,23.80962,-69,6,0,0
90.25858,23.80962,-73,0,0,0
90.25858,23.80962,-76,0,0,0
90.25858,23.80962,-81,2,0,0
90.25858,23.80962,-88,6,0,0
90.25858,23.80962,-76,1,0,0
90.25858,23.80962,-69,1,0,0
90.25858,23.80962,-74,3,0,0
90.25858,23.80962,-67,0,0,0
90.25858,23.80962,-81,3,0,0
90.25858,23.80962,-80,4,0,0
90.25858,23.80962,-83,5,0,0
90.25858,23.80962,-80,3,0,0
90.25858,23.80962,-58,0,0,0
90.25858,23.80962,-52,0,0,0
90.25858,23.80962,-54,0,0,0
90.25858,23.80962,-59,0,0,0
90.25858,23.80962,-55,0,0,0
90.25858,23.80962,-78,1,0,0
90.25858,23.80962,-70,0,0,0
90.25858,23.80962,-63,0,0,0
90.25858,23.80962,-66,0,0,0
90.25858,23.80962,-70,3,0,0
90.25858,23.80962,-75,2,0,0
90.25858,23.80962,-68,4,0,0
90.25858,23.80962,-71,1,0,0
90.25858,23.80962,-72,2,0,0
90.25858,23.80962,-72,3,0,0
90.25858,23.80962,-75,1,0,0
90.25858,23.80962,-69,3,0,0
90.25858,23.80962,-71,2,0,0
90.25858,23.80962,-67,3,0,0
90.25858,23.80962,-64,2,0,0
90.25858,23.80962,-65,1,0,0
90.25858,23.80962,-67,1,0,0
90.25858,23.80962,-64,0,0,0
90.25858,23.80962,-73,1,0,0
90.25858,23.80962,-70,1,0,0
90.25858,23.80962,-74,2,0,0
90.25858,23.80962,-72,1,0,0
90.25858,23.80962,-73,2,0,0
90.25858,23.80962,-61,1,0,0
90.25858,23.80962,-72,0,0,0
90.25858,23.80962,-73,4,0,0
90.25858,23.80962,-66,2,0,0
90.25858,23.80962,-65,3,0,0
90.25858,23.80962,-67,4,0,0
90.25858,23.80962,-66,3,0,0
90.25858,23.80962,-65,2,0,0
90.25858,23.80962,-74,4,0,0
90.25858,23.80962,-68,2,0,0
90.25858,23.80962,-70,2,0,0
90.25858,23.80962,-73,5,0,0
90.25858,23.80962,-71,3,0,0
90.25858,23.80962,-71,4,0,0
90.25858,23.80962,-64,5,0,0
90.25858,23.80962,-64,1,0,0
90.25858,23.80962,-67,2,0,0
90.25858,23.80962,-69,4,0,0
90.25858,23.80962,-73,3,0,0
90.25858,23.80962,-55,7,0,0
90.25858,23.80962,-56,0,0,0
90.25858,23.80962,-54,7,0,0
90.25858,23.80962,-60,0,0,0
90.25858,23.80962,-65,0,0,0
90.25858,23.80962,-76,4,0,0
90.25858,23.80962,-74,1,0,0
90.25858,23.80962,-61,0,0,0
90.25858,23.80962,-63,2,0,0
90.25858,23.80962,-64,3,0,0
90.25858,23.80962,-64,4,0,0
90.25858,23.80962,-62,3,0,0
90.25858,23.80962,-62,2,0,0
90.25858,23.80962,-62,4,0,0
90.25858,23.80962,-62,1,0,0
90.25858,23.80962,-69,2,0,0
90.25858,23.80962,-76,3,0,0
90.25858,23.80962,-75,4,0,0
90.25858,23.80962,-71,0,0,0
90.25858,23.80962,-75,0,0,0
90.25858,23.80962,-78,3,0,0
90.25858,23.80962,-77,3,0,0
90.25858,23.80962,-81,4,0,0
90.25858,23.80962,-80,2,0,0
90.25858,23.80962,-79,3,0,0
90.25858,23.80962,-69,0,0,0
90.25858,23.80962,-74,0,0,0
90.25858,23.80962,-75,3,0,0
90.25858,23.80962,-76,5,0,0
90.25858,23.80962,-66,1,0,0
90.25858,23.80962,-53,0,0,0
90.25858,23.80962,-56,1,0,0
90.25858,23.80962,-76,2,0,0
90.25858,23.80962,-66,5,0,0
90.25858,23.80962,-62,0,0,0
90.25858,23.80962,-60,1,0,0
90.25858,23.80962,-56,3,0,0
90.25858,23.80962,-56,2,0,0
90.25858,23.80962,-57,3,0,0
90.25858,23.80962,-55,2,0,0
90.25858,23.80962,-59,1,0,0
90.25858,23.80962,-74,7,0,0
90.25858,23.80962,-75,7,0,0
90.25858,23.80962,-48,0,0,0
90.25858,23.80962,-77,1,0,0
90.25858,23.80962,-77,0,0,0
90.25858,23.80962,-74,6,0,0
90.25858,23.80962,-78,0,0,0
90.25858,23.80962,-78,2,0,0
90.25858,23.80962,-79,1,0,0
90.25858,23.80962,-82,0,0,0
90.25858,23.80962,-80,6,0,0
90.25858,23.80962,-81,0,0,0
90.25858,23.80962,-84,3,0,0
90.25858,23.80962,-78,4,0,0
90.25858,23.80962,-82,1,0,0
90.25858,23.80962,-83,3,0,0
90.25858,23.80962,-80,0,0,0
90.25858,23.80962,-82,4,0,0
90.25858,23.80962,-77,2,0,0
90.25858,23.80962,-78,5,0,0
90.25858,23.80962,-79,0,0,0
90.25858,23.80962,-80,1,0,0
90.25858,23.80962,-81,5,0,0
90.25858,23.80962,-92,4,0,0
90.25858,23.80962,-93,6,1,1
90.25858,23.80962,-94,5,0,0
90.25858,23.80962,-94,7,0,0
90.25858,23.80962,-92,6,0,0
90.25858,23.80962,-93,7,0,0
90.25858,23.80962,-95,7,0,0
90.25858,23.80962,-50,0,0,0
90.25858,23.80962,-49,0,0,0
90.25858,23.80962,-81,1,0,0
90.25858,23.80962,-85,7,0,0
90.25858,23.80962,-84,0,0,0
90.25858,23.80962,-84,2,0,0
90.25858,23.80962,-83,0,0,0
90.25858,23.80962,-86,2,0,0
90.25858,23.80962,-85,0,0,0
90.25858,23.80962,-84,1,0,0
90.25858,23.80962,-86,0,0,0
90.25858,23.80962,-86,1,0,0
90.25858,23.80962,-82,3,0,0
90.25858,23.80962,-57,0,0,0
90.25858,23.80962,-52,2,0,0
90.25858,23.80962,-79,4,0,0
90.25858,23.80962,-74,5,0,0
90.25858,23.80962,-82,2,0,0
90.25858,23.80962,-77,6,0,0
90.25858,23.80962,-78,6,0,0
90.25858,23.80962,-88,4,0,0
90.25858,23.80962,-87,1,0,0
90.25858,23.80962,-71,5,0,0
90.25858,23.80962,-67,5,0,0
90.25858,23.80962,-47,0,0,0
90.25858,23.80962,-84,6,0,0
90.25858,23.80962,-77,4,0,0
90.25858,23.80962,-63,4,0,0
90.25858,23.80962,-66,4,0,0
90.25858,23.80962,-58,5,0,0
90.25858,23.80962,-79,2,0,0
90.25858,23.80962,-86,5,0,0
90.25858,23.80962,-77,5,0,0
90.25858,23.80962,-62,5,0,0
90.25858,23.80962,-63,3,0,0
90.25858,23.80962,-76,6,0,0
90.25858,23.80962,-88,2,0,0
90.25858,23.80962,-83,2,0,0
90.25858,23.80962,-84,4,0,0
90.25858,23.80962,-85,3,0,0
90.25858,23.80962,-87,3,0,0
90.25858,23.80962,-88,0,0,0
90.25858,23.80962,-63,1,0,0
90.25858,23.80962,-60,2,0,0
90.25858,23.80962,-86,3,0,0
90.25858,23.80962,-83,1,0,0
90.25858,23.80962,-84,5,0,0
90.25858,23.80962,-86,4,0,0
90.25858,23.80962,-85,2,0,0
90.25858,23.80962,-51,0,0,0
90.25858,23.80962,-80,5,0,0
90.25858,23.80962,-54,1,0,0
90.25858,23.80962,-61,2,0,0
90.25858,23.80962,-85,6,0,0
90.25858,23.80962,-82,6,0,0
90.25858,23.80962,-78,7,0,0
90.25858,23.80962,-81,7,0,0
90.25858,23.80962,-79,6,0,0
90.25858,23.80962,-80,7,0,0
90.25858,23.80962,-79,5,0,0
90.25858,23.80962,-82,5,0,0
90.25858,23.80962,-58,4,0,0
90.25858,23.80962,-51,1,0,0
90.25858,23.80962,-54,3,0,0
90.25858,23.80962,-77,7,0,0
90.25858,23.80962,-89,2,0,0
90.25858,23.80962,-87,2,0,0
90.25858,23.80962,-87,5,0,0
90.25858,23.80962,-85,1,0,0
90.25858,23.80962,-85,4,0,0
90.25858,23.80962,-65,4,0,0
90.25858,23.80962,-81,6,0,0
90.25858,23.80962,-85,5,0,0
90.25858,23.80962,-72,7,0,0
90.25858,23.80962,-71,7,0,0
90.25858,23.80962,-83,6,0,0
90.25858,23.80962,-83,4,0,0
90.25858,23.80962,-89,3,0,0
90.25858,23.80962,-90,6,0,0
90.25858,23.80962,-89,5,0,0
90.25858,23.80962,-86,6,0,0
90.25858,23.80962,-58,1,0,0
90.25858,23.80962,-83,7,0,0
90.25858,23.80962,-63,5,0,0
90.25858,23.80962,-60,4,0,0
90.25858,23.80962,-68,5,0,0
90.25858,23.80962,-59,5,0,0
90.25858,23.80962,-75,5,0,0
90.25858,23.80962,-71,6,0,0
90.25858,23.80962,-75,6,0,0
90.25858,23.80962,-70,6,0,0
90.25858,23.80962,-64,6,0,0
90.25858,23.80962,-62,7,0,0
90.25858,23.80962,-70,7,0,0
90.25858,23.80962,-68,7,0,0
90.25858,23.80962,-82,7,0,0
90.25858,23.80962,-86,7,0,0
90.25858,23.80962,-87,7,0,0
90.25858,23.80962,-88,7,0,0
90.25858,23.80962,-89,7,0,1
90.25858,23.80962,-89,1,0,0
90.25858,23.80962,-88,3,0,0
90.25858,23.80962,-90,5,0,0
90.25858,23.80962,-89,4,0,0
90.25858,23.80962,-90,4,0,0
90.25858,23.80962,-87,4,0,0
90.25858,23.80962,-91,4,0,0
90.25858,23.80962,-93,0,0,0
90.25858,23.80962,-94,0,0,0
90.25858,23.80962,-90,0,0,0
90.25858,23.80962,-87,0,0,0
90.25858,23.80962,-89,0,0,0
90.25858,23.80962,-91,0,0,0
90.25858,23.80962,-67,7,0,0
90.25858,23.80962,-57,4,0,0
90.25858,23.80962,-47,6,0,0
90.25858,23.80962,-61,4,0,0
90.23487,23.91361,-49,0,0,0
90.23487,23.91361,-48,0,0,0
90.23487,23.91361,-61,0,0,0
90.23487,23.91361,-62,0,0,0
90.23487,23.91361,-68,0,0,0
90.23487,23.91361,-66,0,0,0
90.23487,23.91361,-72,0,0,0
90.23487,23.91361,-79,0,0,0
90.23487,23.91361,-80,1,0,0
90.23487,23.91361,-78,0,0,0
90.23487,23.91361,-67,0,0,0
90.23487,23.91361,-69,0,0,0
90.23487,23.91361,-64,0,0,0
90.23487,23.91361,-65,0,0,0
90.23487,23.91361,-70,0,0,0
90.24062,23.91738,-74,0,0,0
90.24062,23.91738,-76,1,0,0
90.24062,23.91738,-78,0,0,0
90.24062,23.91738,-76,0,0,0
90.24062,23.91738,-77,0,0,0
90.24062,23.91738,-73,0,0,0
90.24062,23.91738,-62,0,0,0
90.24062,23.91738,-66,1,0,0
90.24062,23.91738,-70,0,0,0
90.24062,23.91738,-67,0,0,0
90.24062,23.91738,-66,0,0,0
90.24062,23.91738,-68,2,0,0
90.24062,23.91738,-60,2,0,0
90.24062,23.91738,-56,0,0,0
90.24062,23.91738,-59,0,0,0
90.24062,23.91738,-64,0,0,0
90.24062,23.91738,-60,0,0,0
90.24062,23.91738,-63,1,0,0
90.24062,23.91738,-58,0,0,0
90.24062,23.91738,-68,0,0,0
90.24062,23.91738,-69,1,0,0
90.24062,23.91738,-80,2,0,0
90.24062,23.91738,-78,1,0,0
90.24062,23.91738,-62,1,0,0
90.24062,23.91738,-67,2,0,0
90.24062,23.91738,-66,2,0,0
90.24062,23.91738,-74,3,0,0
90.24062,23.91738,-76,4,0,0
90.24062,23.91738,-78,4,0,0
90.24062,23.91738,-79,2,0,0
90.24062,23.91738,-82,1,0,0
90.24062,23.91738,-82,4,0,0
90.24062,23.91738,-82,3,0,0
90.24062,23.91738,-80,5,0,0
90.24062,23.91738,-80,6,0,0
90.24062,23.91738,-78,6,0,0
90.24062,23.91738,-47,0,0,0
90.24062,23.91738,-48,0,0,0
90.24062,23.91738,-50,0,0,0
90.24062,23.91738,-52,0,0,0
90.24062,23.91738,-57,0,0,0
90.24125,23.91739,-62,0,0,0
90.24961,23.91754,-60,0,0,0
90.24961,23.91754,-66,0,0,0
90.24961,23.91754,-80,0,0,0
90.24961,23.91754,-76,0,0,0
90.24961,23.91754,-86,2,0,0
90.24961,23.91754,-86,3,0,0
90.24961,23.91754,-78,1,0,0
90.24961,23.91754,-82,1,0,0
90.24961,23.91754,-84,3,0,0
90.24961,23.91754,-57,0,0,0
90.24961,23.91754,-58,0,0,0
90.24961,23.91754,-62,0,0,0
90.24961,23.91754,-62,1,0,0
90.24961,23.91754,-69,0,0,0
90.24961,23.91754,-68,0,0,0
90.24961,23.91754,-72,0,0,0
90.24961,23.91754,-79,0,0,0
90.24961,23.91754,-82,0,0,0
90.24961,23.91754,-84,0,0,0
90.24961,23.91754,-86,0,0,0
90.24961,23.91754,-88,1,0,0
90.24961,23.91754,-71,0,0,0
90.24961,23.91754,-73,0,0,0
90.24961,23.91754,-75,0,0,0
90.24961,23.91754,-78,0,0,0
90.24961,23.91754,-80,1,0,0
90.24961,23.91754,-80,2,0,0
90.24961,23.91754,-77,0,0,0
90.25672,23.91459,-80,0,0,0
90.25672,23.91459,-78,0,0,0
90.25672,23.91459,-77,0,0,0
90.25672,23.91459,-74,0,0,0
90.25672,23.91459,-76,0,0,0
90.25672,23.91459,-79,2,0,0
90.25672,23.91459,-72,0,0,0
90.25672,23.91459,-70,0,0,0
90.25672,23.91459,-71,0,0,0
90.25672,23.91459,-68,0,0,0
90.25672,23.91459,-67,0,0,0
90.25672,23.91459,-66,0,0,0
90.25672,23.91459,-82,0,0,0
90.25672,23.91459,-65,0,0,0
90.25672,23.91459,-62,0,0,0
90.25672,23.91459,-70,2,0,0
90.25672,23.91459,-77,1,0,0
90.25672,23.91459,-72,3,0,0
90.25672,23.91459,-57,0,0,0
90.25672,23.91459,-53,0,0,0
90.25672,23.91459,-63,0,0,0
90.25672,23.91459,-69,2,0,0
90.25672,23.91459,-68,2,0,0
90.26015,23.91232,-70,2,0,0
90.26015,23.91232,-68,1,0,0
90.26015,23.91232,-67,0,0,0
90.26015,23.91232,-64,0,0,0
90.26015,23.91232,-67,1,0,0
90.26015,23.91232,-71,0,0,0
90.26015,23.91232,-73,1,0,0
90.26015,23.91232,-70,0,0,0
90.26015,23.91232,-68,4,0,0
90.26015,23.91232,-66,0,0,0
90.26015,23.91232,-62,0,0,0
90.26015,23.91232,-67,6,0,0
90.26015,23.91232,-71,4,0,0
90.26015,23.91232,-72,0,0,0
90.26015,23.91232,-74,4,0,0
90.26015,23.91232,-73,0,0,0
90.26015,23.91232,-72,3,0,0
90.26015,23.91232,-73,5,0,0
90.26015,23.91232,-72,6,0,0
90.26015,23.91232,-73,4,0,0
90.26015,23.91232,-72,5,0,0
90.26015,23.91232,-71,6,0,0
90.26015,23.91232,-75,1,0,0
90.26015,23.91232,-78,1,0,0
90.26015,23.91232,-78,3,0,0
90.26015,23.91232,-76,0,0,0
90.26015,23.91232,-75,4,0,0
90.26015,23.91232,-76,2,0,0
90.26015,23.91232,-71,2,0,0
90.26015,23.91232,-64,5,0,0
90.26435,23.90895,-65,5,0,0
90.26435,23.90895,-64,4,0,0
90.26435,23.90895,-65,3,0,0
90.26435,23.90895,-64,2,0,0
90.26435,23.90895,-62,4,0,0
90.26435,23.90895,-64,5,0,0
90.26435,23.90895,-60,2,0,0
90.26435,23.90895,-57,0,0,0
90.26435,23.90895,-55,0,0,0
90.26435,23.90895,-54,0,0,0
90.26435,23.90895,-64,0,0,0
90.26435,23.90895,-71,6,0,0
90.26435,23.90895,-72,6,0,0
90.26435,23.90895,-70,6,0,0
90.26435,23.90895,-65,6,0,0
90.26435,23.90895,-67,6,0,0
90.26435,23.90895,-73,5,0,0
90.26435,23.90895,-63,0,0,0
90.26435,23.90895,-66,0,0,0
90.26435,23.90895,-74,4,0,0
90.26435,23.90895,-72,5,0,0
90.26435,23.90895,-68,0,0,0
90.26435,23.90895,-72,0,0,0
90.26435,23.90895,-71,1,0,0
90.26435,23.90895,-72,2,0,0
90.26435,23.90895,-76,3,0,0
90.26435,23.90895,-79,2,0,0
90.26435,23.90895,-80,3,0,0
90.26435,23.90895,-79,3,0,0
90.26435,23.90895,-77,1,0,0
90.26435,23.90895,-69,2,0,0
90.26435,23.90895,-71,0,0,0
90.26435,23.90895,-71,4,0,0
90.26435,23.90895,-68,2,0,0
90.26435,23.90895,-70,0,0,0
90.26435,23.90895,-76,0,0,0
90.26435,23.90895,-64,3,0,0
90.26435,23.90895,-72,3,0,0
90.26435,23.90895,-74,1,0,0
90.26435,23.90895,-75,4,0,0
90.26435,23.90895,-76,4,0,0
90.26435,23.90895,-78,3,0,0
90.26435,23.90895,-74,3,0,0
90.26435,23.90895,-73,0,0,0
90.26435,23.90895,-65,2,0,0
90.26436,23.90895,-70,2,0,0
90.26444,23.90886,-74,2,0,0
90.26444,23.90886,-80,1,0,0
90.26444,23.90886,-74,0,0,0
90.26444,23.90886,-77,4,0,0
90.26444,23.90886,-77,5,0,0
90.26444,23.90886,-76,3,0,0
90.26444,23.90886,-75,3,0,0
90.26444,23.90886,-75,0,0,0
90.26444,23.90886,-73,0,0,0
90.26444,23.90886,-74,3,0,0
90.26444,23.90886,-74,1,0,0
90.26444,23.90886,-66,0,0,0
90.26444,23.90886,-71,0,0,0
90.26444,23.90886,-71,3,0,0
90.26444,23.90886,-97,0,0,0
90.26444,23.90886,-97,1,0,0
90.26444,23.90886,-96,0,0,0
90.26444,23.90886,-98,0,0,0
90.26444,23.90886,-98,1,0,0
90.26444,23.90886,-94,0,0,0
90.26444,23.90886,-92,0,0,0
90.26444,23.90886,-72,0,0,0
90.26444,23.90886,-70,0,0,0
90.26444,23.90886,-52,0,0,0
90.26444,23.90886,-58,0,0,0
90.26444,23.90886,-56,0,0,0
90.26444,23.90886,-54,0,0,0
90.26444,23.90886,-55,0,0,0
90.26444,23.90886,-48,0,0,0
90.26444,23.90886,-51,0,0,0
90.26444,23.90886,-68,4,0,0
90.26444,23.90886,-68,0,0,0
90.26444,23.90886,-69,2,0,0
90.26444,23.90886,-65,0,0,0
90.26444,23.90886,-69,1,0,0
90.26444,23.90886,-47,0,0,0
90.26444,23.90886,-63,0,0,0
90.26444,23.90886,-64,0,0,0
90.26444,23.90886,-57,0,0,0
90.26444,23.90886,-62,0,0,0
90.26444,23.90886,-50,0,0,0
90.26444,23.90886,-58,7,0,0
90.26444,23.90886,-62,6,0,0
90.26444,23.90886,-50,7,0,0
90.26444,23.90886,-52,7,0,0
90.26444,23.90886,-51,7,0,0
90.26444,23.90886,-53,7,0,0
90.26444,23.90886,-65,6,0,0
90.26444,23.90886,-64,6,0,0
90.26444,23.90886,-66,6,0,0
90.26444,23.90886,-68,6,0,0
90.26444,23.90886,-63,6,0,1
90.26444,23.90886,-80,2,0,0
90.26444,23.90886,-80,3,0,0
90.26444,23.90886,-68,7,0,0
90.26444,23.90886,-81,0,0,0
90.26444,23.90886,-82,2,0,0
90.26444,23.90886,-81,3,0,0
90.26444,23.90886,-82,1,0,0
90.26444,23.90886,-83,2,0,0
90.26444,23.90886,-79,3,0,0
90.26444,23.90886,-84,3,0,0
90.26444,23.90886,-83,3,0,0
90.26444,23.90886,-83,4,0,0
90.26444,23.90886,-82,3,0,0
90.26444,23.90886,-81,2,0,0
90.26444,23.90886,-81,1,0,0
90.26444,23.90886,-83,1,0,0
90.26444,23.90886,-86,4,0,0
90.26444,23.90886,-87,3,0,0
90.26444,23.90886,-88,3,0,0
90.26444,23.90886,-86,2,0,0
90.26444,23.90886,-85,2,0,0
90.26444,23.90886,-86,3,0,0
90.26444,23.90886,-86,1,0,0
90.26444,23.90886,-87,1,0,0
90.26444,23.90886,-85,3,0,0
90.26444,23.90886,-85,4,0,0
90.26444,23.90886,-84,2,0,0
90.26444,23.90886,-84,5,0,0
90.26444,23.90886,-83,5,0,0
90.26444,23.90886,-84,4,0,0
90.26444,23.90886,-82,5,0,0
90.26444,23.90886,-79,5,0,0
90.26444,23.90886,-78,5,0,0
90.26444,23.90886,-85,5,0,0
90.26444,23.90886,-85,6,0,0
90.26444,23.90886,-84,6,0,0
90.26444,23.90886,-80,6,0,0
90.26444,23.90886,-83,6,0,0
90.26444,23.90886,-86,5,0,0
90.26444,23.90886,-88,6,0,0
90.26444,23.90886,-87,5,0,0
90.26444,23.90886,-88,5,0,0
90.26444,23.90886,-87,6,0,0
90.26444,23.90886,-80,5,0,0
90.26444,23.90886,-98,7,1,0
90.26444,23.90886,-90,6,0,0
90.26444,23.90886,-97,7,1,0
90.26444,23.90886,-99,7,1,1
90.26444,23.90886,-82,0,0,0
90.26444,23.90886,-64,3,0,0
90.26444,23.90886,-76,0,0,0
90.26444,23.90886,-79,0,0,0
90.26444,23.90886,-77,1,0,0
90.26444,23.90886,-76,4,0,0
90.26444,23.90886,-74,4,0,0
90.26444,23.90886,-78,6,0,0
90.26444,23.90886,-75,2,0,0
90.26444,23.90886,-75,5,0,0
90.26444,23.90886,-73,3,0,0
90.26444,23.90886,-73,2,0,0
90.26444,23.90886,-76,2,0,0
90.26444,23.90886,-71,1,0,0
90.26444,23.90886,-80,0,0,0
90.26444,23.90886,-79,2,0,0
90.26444,23.90886,-77,3,0,0
90.26444,23.90886,-78,4,0,0
90.26444,23.90886,-87,4,0,0
90.26444,23.90886,-89,4,0,0
90.26444,23.90886,-89,1,0,0
90.26444,23.90886,-78,3,0,0
90.26444,23.90886,-82,4,0,0
90.26444,23.90886,-75,4,0,0
90.26444,23.90886,-81,5,0,0
90.26444,23.90886,-78,0,0,0
90.26444,23.90886,-84,0,0,0
90.26444,23.90886,-85,0,0,0
90.26444,23.90886,-92,4,0,0
90.26444,23.90886,-90,0,0,0
90.26444,23.90886,-88,4,0,0
90.26444,23.90886,-88,2,0,0
90.26444,23.90886,-89,5,0,0
90.26444,23.90886,-83,7,0,0
90.26444,23.90886,-82,7,0,0
90.26444,23.90886,-84,7,0,0
90.26444,23.90886,-80,7,0,0
90.26444,23.90886,-69,0,0,0
90.26444,23.90886,-78,1,0,0
90.26444,23.90886,-67,0,0,0
90.26444,23.90886,-76,1,0,0
90.26444,23.90886,-79,1,0,0
90.26444,23.90886,-78,2,0,0
90.26444,23.90886,-77,0,0,0
90.26444,23.90886,-67,3,0,0
90.26444,23.90886,-61,2,0,0
90.26444,23.90886,-66,1,0,0
90.26444,23.90886,-72,2,0,0
90.26444,23.90886,-71,2,0,0
90.26444,23.90886,-73,1,0,0
90.26444,23.90886,-80,4,0,0
90.26444,23.90886,-76,5,0,0
90.26444,23.90886,-70,2,0,0
90.26444,23.90886,-68,2,0,0
90.26444,23.90886,-60,0,0,0
90.26444,23.90886,-70,1,0,0
90.26444,23.90886,-72,1,0,0
90.26444,23.90886,-72,3,0,0
90.26444,23.90886,-73,4,0,0
90.26444,23.90886,-74,5,0,0
90.26444,23.90886,-78,7,0,0
90.26444,23.90886,-75,6,0,0
90.26444,23.90886,-72,7,0,0
90.26444,23.90886,-73,7,0,0
90.26444,23.90886,-64,1,0,0
90.26444,23.90886,-70,4,0,0
90.26444,23.90886,-86,7,0,0
90.26444,23.90886,-79,7,0,0
90.26444,23.90886,-58,5,0,0
90.26444,23.90886,-81,7,0,0
90.26444,23.90886,-49,0,0,0
90.26444,23.90886,-54,7,0,0
90.26444,23.90886,-56,6,0,0
90.26444,23.90886,-61,0,0,0
90.26444,23.90886,-58,1,0,0
90.26444,23.90886,-59,0,0,0
90.26444,23.90886,-67,1,0,0
90.26444,23.90886,-66,5,0,0
90.26444,23.90886,-64,2,0,0
90.26444,23.90886,-63,4,0,0
90.26444,23.90886,-64,4,0,0
90.26444,23.90886,-66,4,0,0
90.26444,23.90886,-65,4,0,0
90.26444,23.90886,-68,5,0,0
90.26444,23.90886,-70,5,0,0
90.26444,23.90886,-62,1,0,0
90.26444,23.90886,-61,1,0,0
90.26444,23.90886,-67,4,0,0
90.26444,23.90886,-69,4,0,0
90.26444,23.90886,-67,2,0,0
90.26444,23.90886,-71,4,0,0
90.26444,23.90886,-68,3,0,0
90.26444,23.90886,-72,4,0,0
90.26444,23.90886,-62,2,0,0
90.26444,23.90886,-60,1,0,0
90.26444,23.90886,-68,1,0,0
90.26444,23.90886,-75,1,0,0
90.26444,23.90886,-79,6,0,0
90.26444,23.90886,-63,1,0,0
90.26444,23.90886,-65,3,0,0
90.26444,23.90886,-70,3,0,0
90.26444,23.90886,-69,3,0,0
90.26444,23.90886,-77,2,0,0
90.26444,23.90886,-79,4,0,0
90.26444,23.90886,-76,6,0,0
90.26444,23.90886,-59,7,0,0
90.26444,23.90886,-81,6,0,0
90.26444,23.90886,-63,3,0,0
90.26444,23.90886,-72,5,0,0
90.26444,23.90886,-60,3,0,0
90.26444,23.90886,-57,1,0,0
90.26444,23.90886,-59,1,0,0
90.26444,23.90886,-66,2,0,0
90.26444,23.90886,-65,1,0,0
90.26444,23.90886,-73,5,0,0
90.26444,23.90886,-73,6,0,0
90.26444,23.90886,-77,6,0,0
90.26444,23.90886,-67,5,0,0
90.26444,23.90886,-64,5,0,0
90.26444,23.90886,-63,5,0,0
90.26444,23.90886,-71,5,0,0
90.26444,23.90886,-69,5,0,0
90.26444,23.90886,-62,7,0,0
90.26444,23.90886,-64,7,0,0
90.26444,23.90886,-66,7,0,0
90.26444,23.90886,-50,1,0,0
90.26444,23.90886,-53,1,0,0
90.26444,23.90886,-60,2,0,0
90.26444,23.90886,-56,3,0,0
90.26444,23.90886,-53,5,0,0
90.26444,23.90886,-55,2,0,0
90.26444,23.90886,-62,4,0,0
90.26444,23.90886,-57,2,0,0
90.26444,23.90886,-58,3,0,0
90.26444,23.90886,-59,2,0,0
90.26444,23.90886,-58,2,0,0
90.26444,23.90886,-56,4,0,0
90.26444,23.90886,-61,4,0,0
90.26444,23.90886,-65,2,0,0
90.26444,23.90886,-57,3,0,0
90.26444,23.90886,-52,1,0,0
90.26444,23.90886,-54,3,0,0
90.26444,23.90886,-63,2,0,0
90.26444,23.90886,-55,1,0,0
90.26444,23.90886,-66,3,0,0
90.26444,23.90886,-81,4,0,0
90.26444,23.90886,-67,6,0,0
90.26444,23.90886,-62,3,0,0
90.26444,23.90886,-59,5,0,0
90.26444,23.90886,-53,0,0,0
90.26444,23.90886,-60,5,0,0
90.26444,23.90886,-59,3,0,0
90.26444,23.90886,-60,4,0,0
90.26444,23.90886,-61,5,0,0
90.26444,23.90886,-57,4,0,0
